{
  "train_loss": [
    2.1086011547755374,
    1.8131514770595256,
    1.6200193115496704,
    1.5002318275692128,
    1.401017221816973,
    1.2809139541363648,
    1.1399204204963749,
    0.9985090121840338,
    0.9113083910463874,
    0.8861549959483325,
    0.7779308034902316,
    0.736386677597177,
    0.6737283840562006,
    0.6305100842669905,
    0.6089130704928948,
    0.5989557255304987,
    0.5609234465569002,
    0.5335153372034985,
    0.5125793010252595,
    0.535992747391534,
    0.5050761248798972,
    0.4731925367284299,
    0.4552964036990715,
    0.44685895873345755,
    0.44003578038475233,
    0.4304929906795906,
    0.4290762480487113,
    0.41767697416267285,
    0.41694098147416864,
    0.405514297649307,
    0.4033108160625556,
    0.4134603059052738,
    0.39427548561533404,
    0.38824910830631637,
    0.38856005668640137,
    0.38602190441251827,
    0.3680467790040724,
    0.3810062155682583,
    0.3594002163512659,
    0.383899669592565,
    0.35272445788014584,
    0.3428842959909521,
    0.3339237941370311,
    0.3267173732932454,
    0.33225535526658195,
    0.326321859414393,
    0.32468779995653213,
    0.3316515796847193,
    0.3213548865222658,
    0.31805060107933414,
    0.31186701575118014,
    0.3237786402333432,
    0.3180873803901126,
    0.31483449088809823,
    0.30595695323452227,
    0.30103823448662087,
    0.30081440042971197,
    0.3008024480759585,
    0.3065586800561593,
    0.2968476173870885,
    0.29537795812830886,
    0.28952883102832344,
    0.2872490356849736,
    0.2867016956252833,
    0.2849727886112508,
    0.284893025641455,
    0.282889560163875,
    0.28126024790001464,
    0.2781819053912231,
    0.2822153428222525,
    0.28092719763944346,
    0.27787672926839924,
    0.2770162083016426,
    0.28653519269730093,
    0.27845511873676987,
    0.2782619481100394,
    0.28074960380707226,
    0.27479515000537336,
    0.277702219506731,
    0.2740631554393167,
    0.2699871811279253,
    0.2735037895874854,
    0.2702434315722446,
    0.26649309297687346,
    0.2676972574354243,
    0.2688761601133811,
    0.26910152271347265,
    0.26438601481538787,
    0.2642794417105295,
    0.2664746814607549,
    0.2719747108169818,
    0.2650972143626828,
    0.2635846465911428,
    0.2691033866822207,
    0.2606245310053784,
    0.2618621123212798,
    0.2609975792275459,
    0.2606225997465729,
    0.2641881506217585,
    0.26238750284244133
  ],
  "train_acc": [
    0.1868073219476744,
    0.41845277298328487,
    0.4834239871002907,
    0.5156682923782704,
    0.5383023993913517,
    0.5857664596202762,
    0.6330154773800872,
    0.6796115609102471,
    0.706390380859375,
    0.7168848791787791,
    0.7543618845385175,
    0.7725368765897529,
    0.7910759504451308,
    0.8084560660428779,
    0.8103545432867005,
    0.8181209120639535,
    0.8291285315225291,
    0.8398487179778343,
    0.8461779217387355,
    0.838977902434593,
    0.8505199343659157,
    0.8598377316497093,
    0.8631038222202035,
    0.8677680436954942,
    0.8697147812954215,
    0.8725458189498546,
    0.8708155432412791,
    0.8771646189135175,
    0.8786564316860465,
    0.8820311080577762,
    0.8839161007903343,
    0.8788310206213663,
    0.8857180573219476,
    0.8879848746366279,
    0.8874632369640262,
    0.8881701092387355,
    0.8945135072220204,
    0.891673953034157,
    0.8977249500363372,
    0.8954936182776163,
    0.8986780920694041,
    0.9020854151526163,
    0.9046048896257267,
    0.9061364462209303,
    0.9049334858739099,
    0.9066169206486192,
    0.9072847588117733,
    0.9052521461664245,
    0.908519656159157,
    0.9091399436773255,
    0.9114436659702035,
    0.9073528910792151,
    0.9093578249909157,
    0.9105785281159157,
    0.9133918229923692,
    0.914317996002907,
    0.9144599382267442,
    0.9142711550690407,
    0.9132030398346657,
    0.9154954067496366,
    0.9158836187318314,
    0.916789919831032,
    0.9186713640079942,
    0.9175209222837936,
    0.919151128724564,
    0.9177416424418605,
    0.9187345282976017,
    0.919219970703125,
    0.920116335846657,
    0.9196401196856832,
    0.9195585029069767,
    0.9201667253361192,
    0.9207699797874274,
    0.9178814555323401,
    0.920146853424782,
    0.920635134674782,
    0.9195897301962209,
    0.9205847451853197,
    0.9207132028978925,
    0.9214747229287791,
    0.9223597326944041,
    0.9216890556867733,
    0.9223128917605378,
    0.9235868232194767,
    0.9234321061954942,
    0.9220254587572675,
    0.9225804528524709,
    0.9235946300417878,
    0.9236407612645349,
    0.9229104685228925,
    0.9222802450490553,
    0.9235690804414971,
    0.9241311716478925,
    0.9227472349654796,
    0.9248458507449128,
    0.9244150560955668,
    0.9247748796329942,
    0.9242695653161337,
    0.9236613428869913,
    0.9240985249364099
  ],
  "val_loss": [
    1.9348641472893793,
    1.5897453540080302,
    1.450363893766661,
    1.290454158911834,
    1.1577950232737773,
    0.9739003906378875,
    0.8086974636928456,
    0.661435869899956,
    0.7034603325096337,
    0.565970279075004,
    0.49676816689001546,
    0.459627940848067,
    0.3993163600161269,
    0.3821031572045507,
    0.3649306820856558,
    0.33720736084757624,
    0.3169101758583172,
    0.32111107014320994,
    0.3035227857731484,
    0.32359507277205185,
    0.29521676011987635,
    0.2653025557865968,
    0.2559041860135826,
    0.23970389527243538,
    0.24943429191370267,
    0.23583859970440735,
    0.24096953264764837,
    0.22599855870813937,
    0.22471972011231087,
    0.20847624258415118,
    0.2147540458150812,
    0.22968500651217796,
    0.21020729678708153,
    0.18867189376740842,
    0.1988214355062794,
    0.2065546947556573,
    0.18056878729446516,
    0.20912737580570015,
    0.17481187348430222,
    0.1875260693801416,
    0.18491531868238706,
    0.1713640790533375,
    0.16499249919040784,
    0.17000887724193367,
    0.15842859285908775,
    0.16014482685037562,
    0.16534163621631828,
    0.16251582591920286,
    0.16224238195934812,
    0.16526367777102702,
    0.15151771943311435,
    0.16655911867683,
    0.15604824512391477,
    0.15137409036223953,
    0.1721906210925128,
    0.15437636786216014,
    0.1432121468556894,
    0.14538546953652356,
    0.1436692951498805,
    0.15048301340760412,
    0.1439007403882774,
    0.143009975955293,
    0.14617357181536184,
    0.1430157346499933,
    0.13949173809708776,
    0.14548465972011154,
    0.14491550261909897,
    0.14410954311087326,
    0.13810926554976283,
    0.1434566463167603,
    0.14128328054337888,
    0.14071052742970958,
    0.140304633089014,
    0.13997430817500964,
    0.13680947954590256,
    0.14805441047694232,
    0.14271655557928858,
    0.13745717945936564,
    0.13859807438141591,
    0.13903594943317207,
    0.13452013682674718,
    0.1349013057109472,
    0.13113202597643878,
    0.13360110972378705,
    0.1363899603083327,
    0.13488480287629204,
    0.14942783963035894,
    0.1332888639456517,
    0.13386477852189863,
    0.1435237108050166,
    0.13347770877786586,
    0.13236681472610784,
    0.13260519021266215,
    0.1312678029408326,
    0.1292989423146119,
    0.13245528171191345,
    0.1274110841992739,
    0.1458962507344581,
    0.12920575609078278,
    0.13010945956449252
  ],