{
  "train_loss": [
    1.7215386350389936,
    1.2208274895036724,
    1.0434645558746767,
    0.9627406026276064,
    0.8923313893062967,
    0.8342494642230827,
    0.777968769342127,
    0.7362777387592154,
    0.6824579238891602,
    0.619167494438064,
    0.5841040597835058,
    0.5527957056609678,
    0.49317241991069954,
    0.43305596096414917,
    0.3905567679606693,
    0.36466620807916345,
    0.32613602356171945,
    0.32480929468719055,
    0.32281669025689785,
    0.31434189702423526
  ],
  "train_acc": [
    0.40145804665305396,
    0.524660283868963,
    0.5833254727450284,
    0.610839150168679,
    0.6339035034179688,
    0.6605023470791903,
    0.6899511163884943,
    0.7151475386186079,
    0.739104531028054,
    0.7674380215731534,
    0.7809434370561079,
    0.7995341907848011,
    0.8233857588334517,
    0.8367739590731534,
    0.850710088556463,
    0.8566693392666903,
    0.8704723011363636,
    0.8701671253551136,
    0.8711291226473722,
    0.8748522671786222
  ],
  "val_loss": [
    3.8274103591316626,
    2.16536892087836,
    1.1980111536226774,
    1.0086974344755475,
    0.8965960490076166,
    0.9550565355702451,
    0.7963208744400426,
    1.9242678378757678,
    0.848001712246945,
    0.5486584995922289,
    0.5805159744463468,
    0.4461672902107239,
    0.4513072559708043,
    0.36119262168281957,
    0.296954712585399,
    0.30928295850753784,
    0.27142380413256195,
    0.2346303862960715,
    0.31466457718297053,
    0.2851327736126749
  ],
  "val_oa": [
    0.19139018811677633,
    0.3719675164473684,
    0.5470966539884868,
    0.5679963764391447,
    0.646240234375,
    0.6668026572779605,
    0.6967998303865132,
    0.5408132452713815,
    0.6885151110197368,
    0.808092619243421,
    0.7524831671463815,
    0.8505473889802632,
    0.8510774311266447,
    0.8604415090460527,
    0.8811677631578947,
    0.8857100637335527,
    0.8934551038240132,
    0.9055946751644737,
    0.8874832956414473,
    0.8882285670230263
  ],
  "val_miou": [
    0.026825340948782188,
    0.17576124793263145,
    0.3496871123078654,
    0.38429930993260525,
    0.4655618494311759,
    0.4738184476955888,
    0.49659757889866657,
    0.31002821842259415,
    0.49795319624101325,
    0.635630893822558,
    0.5948566010015478,
    0.7022675813708876,
    0.7077790299921146,
    0.7449103154709077,
    0.7891239197196473,
    0.7898818977604323,
    0.8041502791594108,
    0.8100494473679202,
    0.7781062770603793,
    0.7745041741945284
  ],
  "val_f1": [
    0.041700986228862556,
    0.21854579256422244,
    0.46412949918747437,
    0.4739699240992942,
    0.5650944869705421,
    0.5882161494418722,
    0.6025471547438712,
    0.40982437173903746,
    0.606152781278148,
    0.7488749517141475,
    0.7033907032226042,
    0.8118005823871589,
    0.8226874425390679,
    0.8500353263881789,
    0.8767598980666647,
    0.878264739487104,
    0.8855499905240442,
    0.8931879881898761,
    0.8724306839230429,
    0.8697398109152681
  ]
}