{
  "train_loss": [
    2.2085032025859146,
    1.523696865256673,
    1.2718820366955077,
    1.1770812501880024,
    1.139911704896856,
    1.0850692068608239,
    1.0748230393090017,
    1.07419872147306,
    1.046876259724527,
    1.0271336704407175,
    1.0110790463095067,
    0.9874601890159541,
    0.9930056610216725,
    0.9602197050023558,
    0.9423049978677045,
    0.8967876454820606,
    0.8882882349129051,
    0.8724805789554017,
    0.8594584854421097,
    0.8358251754738881,
    0.8227934659722883,
    0.8180045500867347,
    0.786658705134788,
    0.7879817745405486,
    0.7871205779406266,
    0.7710026301080655,
    0.7593970483216993,
    0.7348894540081735,
    0.7305553034588396,
    0.713774225431732,
    0.6882217777492665,
    0.6752562201808722,
    0.6745538165029619,
    0.6703628974521058,
    0.6740876726571332,
    0.6630745808511204,
    0.6510277805492325,
    0.6492273179029667,
    0.6445121594349771,
    0.6506951743347256
  ],
  "train_acc": [
    0.2831561209141523,
    0.4275526726382902,
    0.4690362338362069,
    0.48545749708153735,
    0.4900989751706178,
    0.5036677218031609,
    0.5078096937859196,
    0.5065019980244253,
    0.5145256656339798,
    0.5289531137751436,
    0.5493311388739224,
    0.5608310041756466,
    0.5647568976742098,
    0.5752675725125719,
    0.5829369555944683,
    0.6025671246408046,
    0.6108721152119253,
    0.6234418496318247,
    0.6350125718390804,
    0.6508627705190374,
    0.6616042564655172,
    0.6663502660290949,
    0.68170166015625,
    0.6801926185344828,
    0.6859993770204741,
    0.6898165297234196,
    0.695391775547773,
    0.7078043619791666,
    0.7091366121138649,
    0.7174787850215517,
    0.7274696087015087,
    0.7338691799119971,
    0.734350445626796,
    0.7362271012931034,
    0.7348808200880029,
    0.7411955033225575,
    0.7457815586835489,
    0.7464129568516523,
    0.7483281979615661,
    0.7453543125897989
  ],
  "val_loss": [
    1.6471796647922412,
    1.9316317584063556,
    1.2961163166406993,
    1.2228567632468972,
    1.0919388919263273,
    0.991257989728773,
    1.1400915223198969,
    1.0446911566966288,
    0.9791525215715975,
    0.9576403740290049,
    0.988805400358664,
    0.9217135277954308,
    0.9611732589231955,
    0.8724060332452929,
    1.0846133779835057,
    0.7850505629101315,
    0.8291109349276569,
    0.7440909485559206,
    0.779739135020488,
    0.7837519871222006,
    0.6674893031249175,
    0.7024821767935882,
    0.7396787098936133,
    0.6811089096842585,
    0.6698126438501719,
    0.665972799868197,
    0.68609012623091,
    0.7147411542969782,
    0.6067942010389792,
    0.6196005505484503,
    0.6319748872035259,
    0.5684908789557379,
    0.6191738747261666,
    0.6374894718866091,
    0.6463068175960232,
    0.6148328926112201,
    0.5673343039847709,
    0.5513547546154743,
    0.5504073838929873,
    0.5380357366961401
  ],
  "val_oa": [
    0.42213563661317566,
    0.4216176625844595,
    0.4803070893158784,
    0.4744675095016892,
    0.4891357421875,
    0.5277495513091216,
    0.48380753800675674,
    0.5057900918496622,
    0.5261791332347973,
    0.5271194045608109,
    0.589428051097973,
    0.5836808488175675,
    0.5765446843327703,
    0.6066498627533784,
    0.5730277396537162,
    0.637645824535473,
    0.6241158150337838,
    0.6711524757179054,
    0.6974503800675675,
    0.673000026393581,
    0.7246291701858109,
    0.6996542440878378,
    0.6925972603462838,
    0.7215378220016891,
    0.7378820470861487,
    0.7313529349662162,
    0.7278128959037162,
    0.7193834459459459,
    0.7474893105996622,
    0.7474695154138513,
    0.7545100031672297,
    0.782642261402027,
    0.7616395692567568,
    0.7522170608108109,
    0.7508412953969594,
    0.7668852934966216,
    0.7752652554898649,
    0.7889404296875,
    0.7901215424408784,
    0.7884422508445946
  ],
  "val_miou": [
    0.2385233509955304,
    0.31335440957952904,
    0.3413682954479958,
    0.31774761922640504,
    0.36032245946503944,
    0.39807410713815505,
    0.3580182416244778,
    0.35328682025846364,
    0.39326000543403755,
    0.4161693077057535,
    0.4254154533699948,
    0.4141133033903026,
    0.41223850813578183,
    0.4583946857649596,
    0.39044032267118467,
    0.4901796317933035,
    0.45632651194493973,
    0.5047652452983944,
    0.5162175409041131,
    0.49486684930715324,
    0.5385826454305349,
    0.5234352754863649,
    0.5114894186736751,
    0.5347506219204646,
    0.5598117408915078,
    0.5435462028206449,
    0.5330382458779821,
    0.5278242168964765,
    0.5616497828361944,
    0.5656195987336817,
    0.5597185729233856,
    0.5908412815325442,
    0.574393005301897,
    0.554451827169221,
    0.5456268604199824,
    0.5740092791627818,
    0.5725889546751114,
    0.6049886632023336,
    0.6098794049768246,
    0.6043750353749076
  ],
  "val_f1": [
    0.31093494085728623,
    0.3655922637225864,
    0.41239884493566004,
    0.4077838967513852,
    0.4339207458895883,
    0.47803029693868443,
    0.44595142181653624,
    0.4498635506045025,
    0.48035518493724677,
    0.5204340924626724,
    0.5280091975039204,
    0.5168930269865533,
    0.5217591918717046,
    0.5755875301254793,
    0.4979946951001017,
    0.6083106796619526,
    0.5721860714627016,
    0.6096446647707728,
    0.6425060558987598,
    0.6183634781657921,
    0.6447999313732866,
    0.6360663260258992,
    0.6232328971629312,
    0.6462248731358835,
    0.6806151150882219,
    0.6580106873927348,
    0.6522970087291673,
    0.636412468275797,
    0.672317311424198,
    0.6861393623971397,
    0.6652529076509497,
    0.6959024431011486,
    0.6893865595880915,
    0.6705379181054377,
    0.6490192324690559,
    0.6844609081576943,
    0.6750903876764122,
    0.711431513125944,
    0.723108662679457,
    0.7125852937137626
  ]
}